INSERT INTO users (id, full_name, email, password, image, role)
VALUES (1, 'Admin', 'admin@gmail.co', '$2a$10$UG2qe9cH4iB00B9dZvLp0exUt5WyQrN/eMOboNE3.tHV4hFXD9lr2',
        'https://thumbs.dreamstime.com/b/admin-sign-laptop-icon-stock-vector-166205404.jpg', 'ADMIN'),
       (2, 'Default Vendor', 'vendor@gmail.com', '$2a$10$ifGBxnBxLfkBzgpZR/bBA.ocjTs2SOilwpZMJ47KLRnuU8sousuY6',
        'https://thumbs.dreamstime.com/b/admin-sign-laptop-icon-stock-vector-166205404.jpg', 'USER'),
       (3, 'Default User', 'user@gmail.com', '$2a$10$RRAYDWDs/igIi02Zmhsfs.WrEq/rgAll8MZA0LsQ5cw15FIxHu9hK',
        'https://thumbs.dreamstime.com/b/admin-sign-laptop-icon-stock-vector-166205404.jpg', 'USER'),
       (4, 'Bill Gates', 'billgates@gmail.com', '$2a$10$.YQm2c3IhgaqYVzeh3REFeMpCswkZ99bFznWwNLG7l0TRmji/YvRi',
        'https://thumbs.dreamstime.com/b/admin-sign-laptop-icon-stock-vector-166205404.jpg', 'USER'),
       (5, 'Steve Jobs,', 'steve@gmail.com', '$2a$10$.YQm2c3IhgaqYVzeh3REFeMpCswkZ99bFznWwNLG7l0TRmji/YvRi',
        'https://thumbs.dreamstime.com/b/admin-sign-laptop-icon-stock-vector-166205404.jpg', 'USER');


INSERT INTO regions(id, region_name)
VALUES (1, 'Bishkek'),
       (2, 'Osh City'),
       (3, 'Batken'),
       (4, 'Jalalabad'),
       (5, 'Naryn'),
       (6, 'Osh Obl'),
       (7, 'Talas'),
       (8, 'Chui'),
       (9, 'Issyk-Kul');


INSERT INTO addresses(id, city, address, region_id)
VALUES (1, 'Bishkek', 'Grazhdanskyi 119', 1),
       (2, 'Bishkek', 'Isakeeva 18', 1),
       (3, 'Bishkek', '12-57-85', 1),
       (4, 'Osh City', 'Raimbekova 11', 2),
       (5, 'Osh City', 'Shkolnaya 1', 2),
       (6, 'Osh City', 'Aravanskaya 117', 2),
       (7, 'Kyzyl-Kia', 'Sportivnaya 1', 3),
       (8, 'Kadamjay', 'Severnaya 1', 3),
       (9, 'Batken', 'Nooruz 55', 3),
       (10, 'Jalalabad', 'Lenina 15', 4),
       (11, 'Jalalabad', 'Ostrovskogo 143', 4),
       (12, 'Jalalabad', 'Jenijok 54', 4),
       (13, 'Naryn', 'Lenin 92', 5),
       (14, 'Naryn', 'Sayakbai 17', 5),
       (15, 'Naryn', 'Salkyn-Tor 5', 5),
       (16, 'Nookat', 'Kok-jar 39', 6),
       (17, 'Kara-Suu', 'Babash-Ata 115', 6),
       (18, 'Ozgon', 'Kurhsab 23', 6),
       (19, 'Talas', 'Berdike Baatry 340', 7),
       (20, 'Talas', 'Manas 77', 7),
       (21, 'Talas', 'Semetey 88', 7),
       (22, 'Tokmok', 'Kirova 16', 8),
       (23, 'Kara Balta', 'Asanov 22', 8),
       (24, 'Belovodsk', 'Aksu 18', 8),
       (25, 'Cholpon-Ata', 'Akmatbay Ata 116', 9),
       (26, 'Balykchy', 'Abdrahmanova 63', 9),
       (27, 'Karakol', 'Tynystanov 128', 9);


INSERT INTO announcements(id, created_at, title, description, price, max_guests, house_type, status,
                          location_id, owner_id)
VALUES (1, '2022-08-19', 'Peaksoft', '4 спальни, 5 кроватей, 4 ванные', 2500, 10, 'HOUSE', 0, 1, 4),
       (2, '2022-04-10', 'Уютная квартира в Тунгуче', '3-комнат, 8-этаж', 1500, 3, 'APARTMENT', 0, 2, 5),
       (3, '2022-07-27', 'Элитка в микрашах', '1 спальня, 1 кровать, 1 ванная', 3500, 4, 'APARTMENT', 0, 3, 4),
       (4, '2022-08-04', 'Маяк', '4 спальни, 5 кроватей, 4 ванные', 1700, 8, 'HOUSE', 0, 4, 5),
       (5, '2022-08-05', 'Гостевой дом Парус', '2 спальни, 5 кроватей, 2 ванные', 1700, 5, 'HOUSE', 0, 5, 5),
       (6, '2022-08-06', 'Гостиница Алай', '6 спальни, 12 кроватей, 6 ванные', 1700, 18, 'HOUSE', 0, 6, 4),
       (7, '2022-08-06', 'Квартира для студентов', '2 спальни, 4 кроватей, газ, центр', 1700, 5, 'APARTMENT', 0, 7, 5),
       (8, '2022-08-07', 'Квартира для семьи', '1 спальни, газ, лифт', 800, 4, 'APARTMENT', 0, 8, 4),
       (9, '2022-08-07', 'Гостевой дом Айгул', '3 спальни, аристон,стоянка ', 1800, 8, 'HOUSE', 0, 9, 5),
       (10, '2022-08-07', 'Квартира', '2-ком,район горбольницы,', 1800, 4, 'APARTMENT', 0, 10, 5),
       (11, '2022-08-08', 'Квартира', '1-ком,все удобства', 2500, 3, 'APARTMENT', 0, 11, 4),
       (12, '2022-08-08', 'Гост дом Арсланбоб','все удобства,район автовокзала', 1200, 10, 'HOUSE', 0, 12, 4),
       (13, '2022-08-09', 'Гост дом Ат-Башы','все удобства,центр,охрана', 1500, 8, 'HOUSE', 0, 13, 5),
       (14, '2022-08-09', 'Гост дом Саякбай','все удобства,центр,охрана', 1700, 10, 'HOUSE', 0, 14, 5),
       (15, '2022-08-09', 'Гост дом Салкын-Тор','все удобства,центр,охрана', 1800, 9, 'HOUSE', 0, 15, 5),
       (16, '2022-08-10', 'Muhammeds Residense','Все удобства,центр,стоянка,охрана', 1000, 15, 'HOUSE', 0, 16, 4),
       (17, '2022-08-10', 'Babash House','Все удобства,рядом с рынком', 1000, 6, 'HOUSE', 0, 17, 4),
       (18, '2022-08-10', 'Квартира','1-ком,Все удобства,район военкомата', 500, 5, 'APARTMENT', 0, 18, 4),
       (19, '2022-08-11', 'Квартира', '1-ком,все удобства,только иностранцам,', 1500, 3, 'APARTMENT', 0, 19, 5),
       (20, '2022-08-11', 'Квартира', '2-ком,все удобства,семейным только,', 700, 5, 'APARTMENT', 0, 20, 5),
       (21, '2022-08-11', 'Квартира', '3-ком,все удобства,центр', 1200, 6, 'APARTMENT', 0, 21, 5),
       (22, '2022-08-12', 'Гостиница', 'центр,стоянка,охрана,гор.вода', 1350, 22, 'HOUSE', 0, 22, 4),
       (23, '2022-08-12', 'Гостевой Дом Жайыл', 'район вокзала,стоянка,охрана,гор.вода', 1200, 14, 'HOUSE', 0, 23, 4),
       (24, '2022-08-12', 'Гостевой Дом Аксу', 'все удобства', 1200, 12, 'HOUSE', 0, 24, 4),
       (25, '2022-08-13', 'Квартира', '2-ком,5-мин от пляжа,все удобства', 3000, 6, 'APARTMENT', 0, 25, 5),
       (26, '2022-08-13', 'Квартира', '1-ком,100 метров до пляжа,все удобства', 2000, 3, 'APARTMENT', 0, 26, 5),
       (27, '2022-08-13', 'Квартира', '1-ком,центр,студенткам ИГУ,все удобства', 1000, 3, 'APARTMENT', 0, 27, 5);


INSERT INTO announcement_images(announcement_id,images)
VALUES (1,'https://a.cdn-hotels.com/cos/hotelsnearme/type_hotel.jpg'),
       (1,'https://media.timeout.com/images/105234673/630/472/image.jpg'),
       (1,'https://www.executivefantasyhotels.com/wp-content/uploads/2018/06/Emperador-Panorama5.jpg'),
       (1,'https://media.cntraveler.com/photos/57c705ed523900e805f2e389/master/w_2048,h_1536,c_limit/ExteriorTOut-MontageBeverlyHills-BeverlyHillsCA_CRHotel.jpg'),
       (2,'https://blog.virginia.org/wp-content/uploads/2019/06/HR19050101V_033.jpg'),
       (2,'https://blog.virginia.org/wp-content/uploads/2019/06/HR19050101V_033.jpg'),
       (3,'https://blueorangetravel.com/wp-content/uploads/2018/09/1_hotel_brooklyn_bridge_king_guestroom_dlt_1_hi__x_large.jpg'),
       (4,'https://media-cdn.tripadvisor.com/media/photo-s/06/ea/25/29/double-six-luxury-hotel.jpg'),
       (4,'https://media.boutiquehotel.me/hotel/cover-small/1695747_1523295060.jpg'),
       (4,'https://media.boutiquehotel.me/hotel/cover-small/240595_1565710448.jpg'),
       (4,'https://luxurysafes.me/blog/wp-content/uploads/2019/09/The-Best-Luxury-Hotels-At-World%E2%80%99s-Top-Marinas-2.jpg'),
       (5,'https://travel.home.sndimg.com/content/dam/images/travel/fullset/2013/05/06/00/grand-canyon-resorts-mirage.rend.hgtvcom.1280.960.suffix/1491591684843.jpeg'),
       (5,'https://img.etimg.com/thumb/width-640,height-480,imgsize-281456,resizemode-1,msid-61635046/luxury-hotels.jpg'),
       (5,'https://i1.wp.com/www.disneytouristblog.com/wp-content/uploads/2015/11/waldorf-astoria-orlando-disney-world-hotel-020.jpg'),
       (6,'https://static-new.lhw.com/HotelImages/Final/LW1319/lw1319_112716968_720x450.jpg'),
       (6,'https://specials-images.forbesimg.com/imageserve/5e3d0be3a854780006b0b73b/960x0.jpg'),
       (6,'https://i.pinimg.com/originals/99/e3/bc/99e3bc8c77b0676092d62685459c33fc.jpg'),
       (6,'https://hips.hearstapps.com/hmg-prod.s3.amazonaws.com/images/p11-1567015448.jpg'),
       (7,'https://i0.wp.com/theluxurytravelexpert.com/wp-content/uploads/2016/11/me-ibiza-ibiza.jpg'),
       (8,'https://cf.bstatic.com/xdata/images/hotel/max500/299293216.jpg?k=78bcab67d9fc7b51b2271817fc24a2a0fcae18e74c4c0cc25c7b9fbbb3a265cf&o='),
       (8,'https://tropki.ru/images/hotels3/-672753/b256646769-sevastopol-uyutnyi-guesthouse.webp'),
       (8,'https://cf.bstatic.com/xdata/images/hotel/max1024x768/306007155.jpg?k=7a118a7c870b4e7e4f82807110a8b4e025b6e6199733df1a62949294a1e53f11&o=&hp=1'),
       (9,'https://tropki.ru/images/hotels3/-692793/b205775196-kabardinka-guest-house-dom-v-kedrovoy-roshche.webp'),
       (9,'http://papamaster.su/wp-content/uploads/2014/03/%D0%B1%D0%B0%D0%BD%D1%8F-%D0%B3%D0%BE%D1%81%D1%82%D0%B5%D0%B2%D0%BE%D0%B9-%D0%B4%D0%BE%D0%BC.jpg'),
       (9,'https://www.home-projects.ru/upload/medialibrary/e58/post_5c402fe6dbdcb.jpeg'),
       (9,'https://skalice.ru/800/600/http/remstroidomufa.ru/wp-content/uploads/2018/05/03d69b927ba898a4a3f2fba80558e0d8.jpg'),
       (10,''),
       (10,''),
       (10,''),
       (11,''),
       (12,''),
       (12,''),
       (13,''),
       (13,''),
       (13,''),
       (14,''),
       (14,''),
       (15,''),
       (15,''),
       (15,''),
       (16,''),
       (17,''),
       (17,''),
       (18,''),
       (18,''),
       (18,''),
       (18,''),
       (19,''),
       (19,''),
       (20,''),
       (20,''),
       (20,''),
       (21,''),
       (21,''),
       (22,''),
       (22,''),
       (22,''),
       (22,''),
       (23,''),
       (24,''),
       (24,''),
       (25,''),
       (25,''),
       (25,''),
       (26,''),
       (26,''),
       (27,''),
       (27,''),
       (27,''),
       (27,'');

--
-- INSERT INTO feedbacks(id, created_at, description, dislike, likes, rating, announcement_id, owner_id)
-- VALUES
--        (1, '2021-05-05', 'Peaksoft is an architectural marvel. Breathtaking views from all over the house and the hospitality of the Peaksoft staff ensure that you leave Peaksoft looking forward to returning again and again. A truly unique experience. Highly recommend!',
--         0, 1, 5, 1, 3  ),
--        (2, '2022-06-10', 'Үй-бүлө менен эс алуу үчүн идеалдуу жер. Бизге Ноокаттын атмосферасы абдан жакты.',
--         0, 1, 3, 2, 3  ),
--        (3, '2022-08-04', 'Простое жилье в заливе мечты. Отличная еда в ресторане, а также в соседних ресторанах. Очень хорошие владельцы гостиниц. До других небольших пляжей можно дойти пешком.',
--         0, 1, 2, 3, 3  ),
--        (4, '2022-08-05', 'But I can answer any questions on the phone, of course. The lighthouse is completely at your disposal. I''m staying elsewhere',
--         0, 0, 0, 4, 2  );



